histone_name,sequence,locus,type
HON5,MDPSLSATNDPHHPPPPQFTSFPPFTNTNPFASPNHPFFTGPTAVAPPNNIHLYQAAPPQQPQTSPVPPHPSISHPPYSDMICTAIAALNEPDGSSKQAISRYIERIYTGIPTAHGALLTHHLKTLKTSGILVMVKKSYKLASTPPPPPPTSVAPSLEPPRSDFIVNENQPLPDPVLASSTPQTIKRGRGRPPKAKPDVVQPQPLTNGKLTWEQSELPVSRPEEIQIQPPQLPLQPQQPVKRPPGRPRKDGTSPTVKPAASVSGGVETVKRRGRPPSGRAAGRERKPIVVSAPASVFPYVANGGVRRRGRPKRVDAGGASSVAPPPPPPTNVESGGEEVAVKKRGRGRPPKIGGVIRKPMKPMRSFARTGKPVGRPRKNAVSVGASGRQDGDYGELKKKFELFQARAKDIVIVLKSEIGGSGNQAVVQAIQDLEGIAETTNEPKHMEEVQLPDEEHLETEPEAEGQGQTEAEAMQEALF,,
HON4,MDPSLGDPHHPPQFTPFPHFPTSNHHPLGPNPYNNHVVFQPQPQTQTQIPQPQMFQLSPHVSMPHPPYSEMICAAIAALNEPDGSSKMAISRYIERCYTGLTSAHAALLTHHLKTLKTSGVLSMVKKSYKIAGSSTPPASVAVAAAAAAQGLDVPRSEILHSSNNDPMASGSASQPLKRGRGRPPKPKPESQPQPLQQLPPTNQVQANGQPIWEQQQVQSPVPVPTPVTESAKRGPGRPRKNGSAAPATAPIVQASVMAGIMKRRGRPPGRRAAGRQRKPKSVSSTASVYPYVANGARRRGRPRRVVDPSSIVSVAPVGGENVAAVAPGMKRGRGRPPKIGGVISRLIMKPKRGRGRPVGRPRKIGTSVTTGTQDSGELKKKFDIFQEKVKEIVKVLKDGVTSENQAVVQAIKDLEALTVTETVEPQVMEEVQPEETAAPQTEAQQTEAAETQGGQEEGQEREGETQTQTEAEAMQEALF,,
H1.1,MSEVEIENAATIEGNTAADAPVTDAAVEKKPAAKGRKTKNVKEVKEKKTVAAAPKKRTVSSHPTYEEMIKDAIVTLKERTGSSQYAIQKFIEEKRKELPPTFRKLLLLNLKRLVASGKLVKVKASFKLPSASAKASSPKAAAEKSAPAKKKPATVAVTKAKRKVAAASKAKKTIAVKPKTAAAKKVTAKAKAKPVPRATAAATKRKAVDAKPKAKARPAKAAKTAKVTSPAKKAVAATKKVATVATKKKTPVKKVVKPKTVKSPAKRASSRVKK,,
H1.2,MSIEEENVPTTVDSGAADTTVKSPEKKPAAKGGKSKKTTTAKATKKPVKAAAPTKKKTTSSHPTYEEMIKDAIVTLKERTGSSQYAIQKFIEEKHKSLPPTFRKLLLVNLKRLVASEKLVKVKASFKIPSARSAATPKPAAPVKKKATVVAKPKGKVAAAVAPAKAKAAAKGTKKPAAKVVAKAKVTAKPKAKVTAAKPKSKSVAAVSKTKAVAAKPKAKERPAKASRTSTRTSPGKKVAAPAKKVAVTKKAPAKSVKVKSPAKRASTRKAKK,,
HIS1-3,MAEDKILKKTPAAKKPRKPKTTTHPPYFQMIKEALMVLKEKNGSSPYAIAKKIEEKHKSLLPESFRKTLSLQLKNSVAKGKLVKIRASYKLSDTTKMITRQQDKKNKKNMKQEDKEITKRTRSSSTRPKKTVSVNKQEKKRKVKKARQPKSIKSSVGKKKAMKASAA,,
H2A1,MAGRGKTLGSGGAKKATSRSSKAGLQFPVGRIARFLKAGKYAERVGAGAPVYLAAVLEYLAAEVLELAGNAARDNKKTRIVPRHIQLAVRNDEELSKLLGDVTIANGGVMPNIHNLLLPKKAGASKPQED,AT5G54640.1,
H2A.10,MAGRGKTLGSGSAKKATTRSSKAGLQFPVGRIARFLKKGKYAERVGAGAPVYLAAVLEYLAAEVLELAGNAARDNKKTRIVPRHIQLAVRNDEELSKLLGDVTIANGGVMPNIHNLLLPKKTGASKPSAEDD,AT1G51060.1,
H2A.13,MAGRGKTLGSGVAKKSTSRSSKAGLQFPVGRIARFLKNGKYATRVGAGAPVYLAAVLEYLAAEVLELAGNAARDNKKTRIVPRHIQLAVRNDEELSKLLGDVTIANGGVMPNIHSLLLPKKAGASKPSADED,AT3G20670.1,
H2A2,MAGRGKQLGSGAAKKSTSRSSKAGLQFPVGRIARFLKAGKYAERVGAGAPVYLAAVLEYLAAEVLELAGNAARDNKKTRIVPRHIQLAVRNDEELSKLLGDVTIANGGVMPNIHNLLLPKKAGSSKPTEED,AT4G27230.1,
H2AW.12,MDSGTKVKKGAAGRRSGGGPKKKPVSRSVKSGLQFPVGRIGRYLKKGRYSKRVGTGAPVYLAAVLEYLAAENSCGFCSVASLTIYRCRMSSSDFRVLELAGNAARDNKKNRIIPRHVLLAVRNDEELGTLLKGVTIAHGGVLPNINPILLPKKSEKAASTTKTPKSPSKATKSPKKS,AT5G02560.2,
H2AW.6,MESTGKVKKAFGGRKPPGAPKTKSVSKSMKAGLQFPVGRITRFLKKGRYAQRLGGGAPVYMAAVLEYLAAEVLELAGNAARDNKKSRIIPRHLLLAIRNDEELGKLLSGVTIAHGGVLPNINSVLLPKKSATKPAEEKATKSPVKSPKKA,AT5G59870.1,
H2AW.7,MESSQATTKPTRGAGGRKGGDRKKSVSKSVKAGLQFPVGRIARYLKKGRYALRYGSGAPVYLAAVLEYLAAEVLELAGNAARDNKKNRINPRHLCLAIRNDEELGRLLHGVTIASGGVLPNINPVLLPKKSTASSSQAEKASATKSPKKA,AT5G27670.1,
H2AX3,MSSGAGSGTTKGGRGKPKATKSVSRSSKAGLQFPVGRIARFLKAGKYAERVGAGAPVYLSAVLEYLAAEVLELAGNAARDNKKTRIVPRHIQLAVRNDEELSKLLGSVTIANGGVLPNIHQTLLPSKVGKNKGDIGSASQEF,AT1G54690.1,
H2AX.5,MSTGAGSGTTKGGRGKPKATKSVSRSSKAGLQFPVGRIARFLKSGKYAERVGAGAPVYLSAVLEYLAAEVLELAGNAARDNKKTRIVPRHIQLAVRNDEELSKLLGSVTIANGGVLPNIHQTLLPSKVGKNKGDIGSASQEF,AT1G08880.1,
H2AZ.11,MAGKGGKGLVAAKTMAANKDKDKDKKKPISRSARAGIQFPVGRIHRQLKTRVSAHGRVGATAAVYTASILEYLTAEVLELAGNASKDLKVKRITPRHLQLAIRGDEELDTLIKGTIAGGGVIPHIHKSLINKTTKE,AT3G54560.1,
H2AZ.8,MAGKGGKGLLAAKTTAAAANKDSVKKKSISRSSRAGIQFPVGRIHRQLKQRVSAHGRVGATAAVYTASILEYLTAEVLELAGNASKDLKVKRITPRHLQLAIRGDEELDTLIKGTIAGGGVIPHIHKSLVNKVTKD,AT2G38810.1,
H2AZ.9,METKPNPRRPSNTVLPYQTPRLRDHYLLGKKLGQGQFGTTYLCTEKSTSANYACKSIPKRKLVCREDYEDVWREIQIMHHLSEHPNVVRIKGTYEDSVFVHIVMEVCEGGELFDRIVSKGHFSEREAVKLIKTILGVVEACHSLGVMHRDLKPENFLFDSPKDDAKLKATDFGLSVFYKPGQYLYDVVGSPYYVAPEVLKKCYGPEIDVWSAGVILYILLSGVPPFWAETESGIFRQILQGKLDFKSDPWPTISEAAKDLIYKMLERSPKKRISAHEALCHPWIVDEQAAPDKPLDPAVLSRLKQFSQMNKIKKMALRVIAERLSEEEIGGLKELFKMIDTDNSGTITFEELKAGLKRVGSELMESEIKSLMDAADIDNSGTIDYGEFLAATLHMNKMEREENLVAAFSYFDKDGSGYITIDELQSACTEFGLCDTPLDDMIKEIDLDNDGKIDFSEFTAMMRKGDGVGRSRTMMKNLNFNIADAFGVDGEKSDD,AT1G52740.1,
H2A4,MIMVEGEMTTPYPPIVTLINGSRSLSPAITNYKCIRFQVARIHKQLKNRVSAHSSVGATDVVYMTSILEYLTTEVLQLAENTSKDLKVKRITPRHLQLAIRGDEELDTLIKGTIIGGSVIPHIH,AT4G13570.2,
HTB7,MAPKAEKKPSEKAPKADKKITKEGGSERKKKTKKSTETYKIYLFKVLKQVHPDIGISGKAMGIMNSFINDTFEKIALESSRLARYNKKPTITSREIQTAVRLVLPGELAKHAVSEGTKAVTKFTSS,At3g09480,
HTB10,MAPKAEKKPAEKAPAPKAEKKIAKEGGTSEIVKKKKKTKKSTETYKIYIFKVLKQVHPDIGISGKAMGIMNSFINDIFEKLAQESSRLARYNKKPTITSREIQTAVRLVLPGELAKHAVSEGTKAVTKFTSS,At5g02570,
HTB6,MAPKAAEKKPAGKKPAEKAPAEKLPKAEKKITKEGGSEKKKKKSKKNIETYKIYIFKVLKQVHPDIGISGKAMGIMNSFINDIFEKLAQESSRLARYNKKPTITSREIQTAVRLVLPGELSKHAVSEGTKAVTKFTSS,At3g53650,
HTBS5,MAPKAAEKKPAEKKPAGKAPAEKLPKAEKKISKDAGGSEKKKKKSKKSVETYKIYIFKVLKQVHPDVGISGKAMGIMNSFINDIFEKLAQESSKLARYNKKPTITSREIQTAVRLVLPGELAKHAVSEGTKAVTKFTS,At2g37470,
HTB11,MAPKAEKKPAEKKPVEEKSKAEKAPAEKKPKAGKKLPKEAGAGGDKKKKMKKKSVETYKIYIFKVLKQVHPDIGISSKAMGIMNSFINDIFEKLASESSKLARYNKKPTITSREIQTAVRLVLPGELAKHAVSEGTKAVTKFTSS,At3g46030,
HTB9,MAPRAEKKPAEKKPAAEKPVEEKSKAEKAPAEKKPKAGKKLPKEAGAGGDKKKKMKKKSVETYKIYIFKVLKQVHPDIGISSKAMGIMNSFINDIFEKLASESSKLARYNKKPTITSREIQTAVRLVLPGELAKHAVSEGTKAVTKFTSS,At3g45980,
HTB4,MAPKAEKKPAEKKPASEKPVEEKSKAEKAPAEKKPKAGKKLPKEAGAGGDKKKKMKKKSVETYKIYIFKVLKQVHPDIGISSKAMGIMNSFINDIFEKLAQEASKLARYNKKPTITSREIQTAVRLVLPGELAKHAVSEGTKAVTKFTSS,At5g59910,
HTB1,MAPRAEKKPAEKKTAAERPVEENKAAEKAPAEKKPKAGKKLPPKEAGDKKKKRSKKNVETYKIYIFKVLKQVHPDIGISSKAMGIMNSFINDIFEKLAQESSKLARYNKKPTITSREIQTAVRLVLPGELAKHAVSEGTKAVTKFTSS,At1g07790,
HTB2,MAKADKKPAEKKPAEKTPAAEPAAAAEKKPKAGKKLPKEPAGAGDKKKKRSKKNVETYKIYIFKVLKQVHPDIGISSKAMGIMNSFINDIFEKLAGESSKLARYNKKPTITSREIQTAVRLVLPGELAKHAVSEGTKAVTKFTSS,At5g22880,
HTB3,MAPKAGKKPAEKKPAEKAPAEEEKVAEKAPAEKKPKAGKKLPKEAVTGGVEKKKKRVKKSTETYKIYIFKVLKQVHPDIGISSKAMGIMNSFINDIFEKLAQEASKLARYNKKPTITSREIQTAVRLVLPGELAKHAVSEGTKAVTKFTSS,At2g28720,
HTB8,MAPRKPKVVSVTKKKKVVEETIKVTVTEEGDPCVITETANDQETQDLTFSIPVGENVTTVEIPVEVPDERSLPVGENVTTVKIPVDDRDESSPQPPETPVEVRDEPSPQPPETPASKSEGTLKKTDKVEKKQENKKKKKKKKRDDLAGDEYRRYVYKVMKQVHPDLGITSKAMTVVNMFMGDMFERIAQEAARLSDYTKRRTLSSREIEAAVRLVLPGELSRHAVAEGSKAVSNFVGYDSRKR,At1g08170,
HTR1,MARTKQTARKSTGGKAPRKQLATKAARKSAPATGGVKKPHRFRPGTVALREIRKYQKSTELLIRKLPFQRLVREIAQDFKTDLRFQSSAVAALQEAAEAYLVGLFEDTNLCAIHAKRVTIMPKDIQLARRIRGERA,AT5G65360,H3.1
HTR2,MARTKQTARKSTGGKAPRKQLATKAARKSAPATGGVKKPHRFRPGTVALREIRKYQKSTELLIRKLPFQRLVREIAQDFKTDLRFQSSAVAALQEAAEAYLVGLFEDTNLCAIHAKRVTIMPKDIQLARRIRGERA,AT1G09200,H3.1
HTR3,MARTKQTARKSTGGKAPRKQLATKAARKSAPATGGVKKPHRFRPGTVALREIRKYQKSTELLIRKLPFQRLVREIAQDFKTDLRFQSSAVAALQEAAEAYLVGLFEDTNLCAIHAKRVTIMPKDIQLARRIRGERA,AT3G27360,H3.1
HTR9,MARTKQTARKSTGGKAPRKQLATKAARKSAPATGGVKKPHRFRPGTVALREIRKYQKSTELLIRKLPFQRLVREIAQDFKTDLRFQSSAVAALQEAAEAYLVGLFEDTNLCAIHAKRVTIMPKDIQLARRIRGERA,AT5G10400,H3.1
HTR13,MARTKQTARKSTGGKAPRKQLATKAARKSAPATGGVKKPHRFRPGTVALREIRKYQKSTELLIRKLPFQRLVREIAQDFKTDLRFQSSAVAALQEAAEAYLVGLFEDTNLCAIHAKRVTIMPKDIQLARRIRGERA,AT5G10390,H3.1
HTR4,MARTKQTARKSTGGKAPRKQLATKAARKSAPTTGGVKKPHRYRPGTVALREIRKYQKSTELLIRKLPFQRLVREIAQDFKTDLRFQSHAVLALQEAAEAYLVGLFEDTNLCAIHAKRVTIMPKDIQLARRIRGERA,AT4G40030,H3.3
HTR5,MARTKQTARKSTGGKAPRKQLATKAARKSAPTTGGVKKPHRYRPGTVALREIRKYQKSTELLIRKLPFQRLVREIAQDFKTDLRFQSHAVLALQEAAEAYLVGLFEDTNLCAIHAKRVTIMPKDIQLARRIRGERA,AT4G40040,H3.3
HTR8,MARTKQTARKSTGGKAPRKQLATKAARKSAPTTGGVKKPHRYRPGTVALREIRKYQKSTELLIRKLPFQRLVREIAQDFKTDLRFQSHAVLALQEAAEAYLVGLFEDTNLCAIHAKRVTIMPKDIQLARRIRGERA,AT5G10980,H3.3
HTR6,MARTKQSARKSHGGKAPTKQLATKAARKSAPTTGGVKKPHRFRPGTVALREIRKYQKSTELLNRKLPFQRLVREIAQDFKTDLRFQSHAVLALQEAAEAYLVGLFEDTNLCAIHAKRVTIMPKDVQLARRIRAERA,AT1G13370,Atypical H3
HTR10,MARTKQTARKSTGGKGPRKELATKAARKTRRPYRGGVKRAHRFRPGTVALREIRKYQKSTDLLIRKLPFQRLVREIAQDFKVDLRFQSHAVLALQEAAEAYLVGLFEDTNLCAIHAKRVTIMSKDIQLARRIRGERA,AT1G19890,Atypical H3
HTR11,MARTKQTARISTGGKAPRKQLAPKAARQSAPATGGVKKPHRFRPGTVALRDIRKYQKSTEILIRKLPFQRLVREIAQDFKTDLRFQSSAVAALQEAAEAYLVGLFEDTNLCAIHAKRVTIMPKEIQLARRIRGERARGE,AT5G65350,Atypical H3
HTR14,MARTKQTARKSHGGKAPRTLLATKAARKSAPTTGGVKKPHRYRPGTVALREIRKYQKSTELLIRKLPFQRLVREIAQDYKTDLRFQSHAVLALQEAAEAYLVGLFEDTNLCAIHAKRVTIMPKDVQLARRIRGERA,AT1G75600,Atypical H3
HTR15,MARSNQTARKATGGKAPHFAMRVWQHSTPPLKKPYRYKPGTVALREIRKYQKTTDLVIRKLPFQRLVKEIAQSLKADLRFQTGAVSALQEAAEAFMVGMFEDTNLCAMHAKRSTIMPKDIQLAKRLRGDRV,AT5G12910,Atypical H3
HTR12,MARTKHRVTRSQPRNQTDAAGASSSQAAGPTTTPTRRGGEGGDNTQQTNPTTSPATGTRRGAKRSRQAMPRGSQKKSYRYRPGTVALKEIRHFQKQTNLLIPAASFIREVRSITHMLAPPQINRWTAEALVALQEAAEDYLVGLFSDSMLCAIHARRVTLMRKDFELARRLGGKGRPW,AT1G01370,CenH3
